Episode,Ep start ts,Feedback ts,Human Reward,Environment Reward
1,23:27:33.821892,23:27:36.726440,1,0.9285776874942258
1,23:27:33.821892,23:27:37.087165,1,0.7260161405467329
1,23:27:33.821892,23:27:37.491508,1,0.4786924978600382
1,23:27:33.821892,23:27:37.803072,-1,0.19268438438945168
1,23:27:33.821892,23:27:38.414756,-1,-0.11801444981736608
1,23:27:33.821892,23:27:38.749922,-1,-0.43320971145774934
1,23:27:33.821892,23:27:39.249066,-1,-1.6220956612409612
1,23:27:33.821892,23:27:39.593385,-1,0.3203530542388194
